frame_id,knee_angle_r,knee_angle_l,elbow_angle_r,elbow_angle_l,hip_angle_r,hip_angle_l,shoulder_angle_r,shoulder_angle_l,label
0,177.39465203742773,168.8084607452947,30.35488982324414,147.9347694193968,159.07622907575748,149.08601731649352,78.54602430221125,103.41528357980009,good
1,177.68626375627647,168.5604943296142,33.23201794328717,149.14182162109427,158.92747969709822,148.64560470223716,79.05887952064252,103.89065322096674,good
2,177.92748401660066,168.91843881665412,31.346591167722007,149.90976447113513,158.85334740104406,148.97314346677152,74.7418747870111,103.61169498889706,good
3,177.716089984464,169.0231430128302,137.0460811158675,150.69800524684743,158.35503427213587,149.20082700772008,96.03924419939577,103.92679680511566,good
4,176.9902612087814,169.81208586586186,133.59962048533598,151.8044089181143,157.40324823888605,149.28770901917972,95.01363963772347,103.90146563404295,good
5,176.39334448167205,169.85636153510617,130.9073599059072,151.46838475702427,156.96603811443717,149.34124840742047,92.08702770857326,103.61045060680672,good
6,175.76594960228238,170.25881360619303,124.97777916552432,151.55038123256827,156.97317575981958,149.81274322554432,85.59345734834042,103.21055450689497,good
7,175.48940248533748,170.6246937694837,131.99348772754698,151.62610302837982,156.52304743670965,150.06305293201044,89.90997702670387,103.01298606146499,good
8,175.67824460500765,170.33050825224493,129.0762883728498,151.32382151830532,156.38330426911202,149.89136791421583,86.064695446943,103.06655481465634,good
9,175.87749601887924,170.01715206473241,129.7119646175174,151.67695244703214,156.22888432763327,149.73433189349294,85.67984063691738,102.886739624477,good
10,176.0416407886852,169.74601476980163,128.53090597281718,151.67025690309035,156.1371741872872,149.58757354417395,83.93494062573095,102.74152753816936,good
11,176.3255180322561,169.30086763437947,128.509416684294,152.04960837469923,156.68178937576087,149.2149725332348,84.83585810843057,102.76542802520544,good
12,176.47001539155826,169.10265758105004,127.89454525731426,152.2919375425875,157.12232660539644,148.48706544117607,84.05927790155057,103.10224625843635,good
13,176.67107063933472,169.62684425975743,123.01833119063184,152.9299140108314,157.34765116005428,148.43132928114267,83.96260309412706,103.19499203460805,good
14,176.64071018035847,169.650557303974,142.89047162829732,152.3393082334848,157.87194740602843,147.92941137363817,98.22039607031716,103.45714000805016,good
15,176.13054497188887,169.63385889336317,153.7157645566534,152.3233819865607,158.16818399476378,147.53798782641346,106.0482686127933,104.09686205624669,good
16,176.62044818544257,169.38501879400118,159.7834251484729,155.27415463669334,159.86258975383205,146.2568588665827,112.90551727539727,107.99099369618307,good
17,176.2525826880426,168.26884090504586,153.93263289744243,156.17359011478973,161.687340852377,144.12553416856952,110.66780363895734,111.06391726050289,good
18,176.48297186484294,167.30735363190723,155.32561274223838,155.0607936489315,162.69026969877248,142.57312669384936,109.9547517219577,112.3527531172853,good
19,176.74952811606457,166.29468330497735,148.62737694350633,154.11856694004138,163.40891170872055,140.8620341116522,104.62639890138549,113.45809119772142,good
20,177.21303002835623,164.25253045754877,136.68444143840227,152.79512670654907,166.50089268709047,137.33849771806436,97.22593794680522,115.55769671356768,good
21,178.2264957329243,162.35650710802176,139.68549987908435,153.77196063111407,169.0437268379435,134.67326509784513,102.70913719573089,117.3619360210481,good
22,178.38583838851397,160.1659920358422,141.6285060527443,149.82439893460457,170.33942780128598,131.65676638894172,110.85661442558902,118.98825870800457,good
23,178.13362956911024,156.9625119392419,142.29873674078965,153.44723085862182,170.7469721845519,128.43940107597018,108.99207516333924,119.44004643600248,good
24,177.3768723202404,152.789695430942,142.6736226968126,154.94622581934118,171.79134394244736,125.02695446528658,113.52295217025835,120.7673588640198,good
25,176.3198034325535,148.64608223574058,142.12020454482146,154.8617626439311,172.96185016761805,121.87629184056915,117.51563943750804,121.13180289284897,good
26,175.63360392168684,144.50194950637425,144.03677570046358,156.2380422653013,173.75912979708121,118.18836267244825,120.15290885668088,122.10077848347346,good
27,174.57063473619954,140.15432510109866,128.99985448441785,155.8863599159536,174.0582284868205,115.19792704149357,110.48453871341623,121.59385196410318,good
28,172.31597758355161,135.92342715212175,126.38936415962579,156.03848571189275,173.25964181429615,111.40714793910641,111.61608871040009,121.68359740875508,good
29,169.12761700459754,129.9886353299212,103.89689691553235,156.3130161191623,171.40373945528776,107.59101526243902,88.5770307017275,122.30811557633646,good
30,167.9096517509625,125.04074273137353,114.63052078470163,155.61350992845036,170.6074921898723,104.61467902019969,98.10362318386754,122.68098773391274,good
31,167.7193268116399,124.13852422486552,55.48002046544611,159.33450493328465,170.15653677351767,104.30513344789702,39.14805778457146,122.24033642445826,good
32,166.67351894571965,121.17776723033768,53.814807710637574,158.79753690357916,169.17913928558144,102.59956313198435,35.576273133378514,122.1649526151309,good
33,165.76815790523835,119.21231977921806,56.01971723210653,154.95481941406064,167.82873866805633,101.52977502199495,38.30535473534267,119.90189459353083,good
34,165.10079156630874,116.58493273751952,82.47611543958305,159.0040041715432,167.19663348909214,99.20984992765645,62.024649240830975,121.24687266206621,good
35,163.14011633593344,112.59585241470498,88.10802031129329,159.94677181594054,165.41978029472475,96.22669144468064,68.82937035181932,122.11779717802361,good
36,161.47299569910552,108.41301390263968,64.1652779591427,158.7623392883563,163.80074750927167,93.67205641142283,46.96345265415417,122.0059037570899,good
37,160.89220658891952,106.67441928539368,92.41685847038438,158.38558043830992,163.12823090941134,92.57769192990693,73.57358681157791,121.00919480892114,good
38,159.31342993337023,105.1744994945044,104.11098357004728,157.16627122214243,161.67149728973664,91.08656602708979,84.7331804755929,121.9386081434098,good
39,158.26586328609125,103.39787825395719,121.88422558523108,158.52232222939554,160.87547499115485,89.89406581513713,101.10719262913578,122.57452647790592,good
40,156.6218576882606,101.7707972242483,124.63393038361518,157.26790237197216,159.24316311399932,88.57538349591142,104.29102320863642,122.46123178682109,good
41,156.69596989022463,99.93418036737026,92.94118756071738,156.40240780151223,157.5970864951516,87.57932396403534,73.30054976048609,120.80113645158994,good
42,155.92307797952824,98.41524206298222,118.79758955538671,157.3621425857645,156.31181925984137,86.85713627072016,97.33926185369414,119.37949502235156,good
43,154.3852178175056,96.66195818033593,90.52498746492057,156.1820144247912,154.56483681931277,86.18371004048505,71.78427114210234,118.78312430677387,good
44,152.2603226308277,93.9696500943028,109.14302343159258,157.50923009493764,151.75021190729456,84.72541151033346,89.57932159438663,119.06523208264298,good
45,152.25979906628493,93.00347178798175,111.36724439256653,158.8314758132782,151.55877361012608,84.21802839409031,89.66585935888945,119.50776140283634,good
46,150.88848734894455,91.70650859566244,109.45364775110893,157.1332322233853,149.75525782713913,83.15296118917276,89.88139098920968,119.32521604162727,good
47,149.9998372934789,90.16806073904132,95.14759887005863,158.20726477166926,148.80733819939866,81.90303531210714,77.2857463065381,120.82159304322896,good
48,147.26374766036525,88.23429269546911,100.99151887962277,158.7570006766877,146.0713556452846,80.84990089976633,82.10177854150989,120.6092137454801,good
49,145.44374085541656,86.55198871654497,111.9453737552774,158.96811208106627,144.5991205531641,80.21379839679203,93.7465208327484,120.23033270010143,good
50,141.5749956516716,83.27609217779566,108.96130159979042,160.58421387473356,140.80043670883964,78.61596556558528,90.47247976118278,120.07199831070534,good
51,139.44485212760247,81.03516740057862,76.62020342035292,157.7196806774843,138.50924127307636,78.0026450857755,58.482207483953125,118.4843177773621,good
52,136.85503424640427,79.86156568760906,76.55437581092848,161.8015729506301,136.08312306039926,76.8535133066289,56.363725861219955,119.07636235129809,good
53,134.9075377025291,79.13587608873378,67.8431501748625,160.81065942386527,134.84229487084522,76.0035101918068,46.57991034613731,118.69985052013482,good
54,132.99912554738924,78.51219924853689,74.4517389815984,159.59399180809896,133.45072583362517,75.22912693311173,52.14091287704744,118.59485659471787,good
55,133.30716580841633,78.37239592107083,69.39783744714939,159.28233293375138,133.71744895748014,74.92223766705719,46.63549783879836,118.03545520745286,good
56,132.41266453797112,77.9418444712177,61.033597745505496,159.1371685968976,132.7704758052249,74.38818068344821,38.51162850185171,118.11468212833655,good
57,131.889584103868,77.35635672026626,57.40744597249896,159.83330390569986,131.91076384756724,73.82619158541016,31.638231626296545,118.5610679297186,good
58,129.72379106708132,76.43827399592634,57.734162808989176,161.98036081190074,129.4044537000074,72.78264196556022,32.10389547673398,118.69468145407821,good
59,127.86107679699349,75.83810701960272,59.573028313973644,164.21022476292814,127.66425228954515,72.10775117083905,31.86276606759234,118.97520429916027,good
60,125.11117212982236,75.30183520948489,55.8476840474725,163.24079743283832,124.93216280197362,70.9841124114257,28.67850941794786,117.78044705958183,good
61,123.13737070937914,75.30224237098615,52.24659834512216,164.2265964281244,121.73552583057312,70.77073695795347,26.68000883987408,118.27356144932348,good
62,122.57087774233337,75.24811837078288,55.0670441747985,163.917177453393,121.11107109848729,70.54535177767531,29.142454564294624,117.39644058323546,good
63,118.41746309812167,74.87919527571351,51.12647498656526,164.76757696180516,117.0901742742031,70.40234555609565,24.360792060092106,117.19659197819152,good
64,113.11001297319505,73.8914327499385,49.281057894432486,164.88573810266092,111.9283647358247,69.35737844160083,22.822852016933524,117.60522402091146,good
65,111.69049586116546,73.69482052126297,51.85914291448078,164.9485103678996,110.48648951030265,69.01550331252629,25.486357603993916,118.47543974860612,good
66,110.2495913831824,73.05909779453569,54.54751339525759,166.39046602031527,109.13485953945639,68.30738304513166,26.965695744163124,119.45980103599317,good
67,107.8898650467097,73.07776938373597,55.07617931649515,166.16013893774817,107.5055993281946,68.70964823978301,27.09393601434396,118.72615055008318,good
68,106.2178283325943,73.27951009308553,53.412557372586235,165.72725294559123,106.71585742449872,68.55433184206854,24.868006864390008,118.56605279637874,good
69,106.47164325440119,73.29250769730749,49.46020771823776,165.94170358839168,107.53142209846958,68.52908973552115,20.60876827044382,118.6552053800505,good
70,104.72081306835864,73.1350093156398,49.082814216443786,166.16459311639548,105.96301789721375,68.44871653015346,20.258982562828052,118.93861482924584,good
71,103.31890373631393,73.23418076642521,49.466330590316566,165.1434220200639,104.30041906839841,68.61016469722931,20.884436207860453,118.92075092432552,good
72,103.29403033421777,73.19222589446726,47.78748501263244,164.7103837346195,104.37200267193134,68.52719855957216,18.554029604946972,118.95036336688263,good
73,103.55202237994887,73.01789139500237,43.550095235361134,164.3457311865643,104.60012117516831,68.34573992164499,13.317148474721048,118.85094227947675,good
74,103.91880690192573,72.84000918914717,40.68665252928259,163.67980517085806,105.16810322337615,68.27991473368783,10.18032473673404,118.77811581905348,good
75,103.7937038264646,72.8692368678889,42.65518554122595,163.47223693722927,105.58435501146035,68.23136737807238,11.06735592592807,118.76725275274313,good
76,103.76649243170898,72.75529672790401,44.14132581043144,163.2081580508406,105.77996479151281,67.84164069864045,12.462398271873123,119.02116278455439,good
77,102.85426936782778,72.52549477478142,44.41749449913379,163.6326319084829,105.0335926657038,67.46033718257078,12.683174283944776,119.03216350059175,good
78,102.4026692411541,72.18245050028538,43.25088619270132,163.68518203886254,104.50693193894186,67.07458152133306,12.541205078782244,118.94846261281069,good
79,102.22428258666088,72.13350007910108,43.587664315753585,163.30970683922763,104.31311187161006,67.05882965092148,13.774082588524264,118.6437165787645,good
80,101.65463899455945,72.07474213038138,47.12819607433155,163.1449265662126,103.66081808610716,67.03251482723807,17.531263433553608,118.56521235078922,good
81,101.61137001717084,72.03557046803805,50.255640143222024,162.69390467615526,103.3451936229856,67.00848217871626,20.59560966263878,118.52766251380906,good
82,101.6395381019475,72.2197862551861,48.15683737974076,161.65605380870855,102.91967385700225,67.1812405585273,19.319242014529163,118.38734163860745,good
83,101.19100936723275,72.33481103382624,46.68087756061022,161.4139020098187,102.6226163559563,67.34834808333729,18.465103321475993,118.20757754270241,good
84,102.07220435428592,72.69272840001248,52.30126689448195,159.9358628615097,103.66694049572428,67.86615493579326,23.35030510757194,117.09766870294351,good
85,102.16061828246713,73.26156762445918,51.44725888683921,159.44114041608339,104.04328187114238,69.20763915763386,23.03206917446678,115.50785199716337,good
86,106.70167647620922,74.54879218453146,30.123731918356103,160.7508437926279,108.5502276530929,70.82041826574554,5.989826041075078,114.50359192374671,good
87,111.06991495246304,77.16909230111006,22.117220039650388,160.06210855854113,114.25522232532836,72.79642536350653,1.9044236115872426,113.5655398170214,good
88,115.84445113735295,79.3777363674907,22.43337463829077,161.16941608294027,119.87645843460027,73.63769344779666,1.7418434629993291,115.08371373539937,good
89,123.4321781299081,83.60693820503622,24.837288396443835,160.73126014755732,127.21651899848749,76.57401547029615,0.2661465077796071,115.17027751722678,good
90,131.9965469967937,87.66167777460447,29.292837362241634,167.3069383474261,135.7563034988302,80.19290009685082,1.0663741876787753,117.07790198782901,good
91,137.59170694924566,89.14455692727239,32.84783043647764,161.97706761618852,140.08935483040062,81.51997812206099,8.658936215775679,114.18988164461413,good
92,146.31500582514732,94.38511129438889,54.00933424087294,164.378011863627,147.94043519113683,85.27497849883754,36.26911270939827,114.54051557422004,good
93,151.22712167966841,97.82902868222497,50.15153296342053,166.4569879833487,151.9019858884453,88.36716897738681,31.439072937555395,116.14839116212758,good
94,156.92951496074247,102.12418325043996,48.376783739057934,164.40392541154452,157.60668735581396,92.50257797120534,27.053419309370888,113.01318369448562,good
95,159.94169150516512,105.41937832718698,35.309560616150435,162.17763894869265,160.34696382812433,95.93876003695736,12.569942278235516,112.69873287545454,good
96,162.74758074821466,110.6248474311284,16.746195133371618,161.022050458008,163.00952378205872,99.91861107815544,8.522637539420376,112.73838714671943,good
97,164.1415040686033,113.217008668689,25.762731826934747,158.8650270379947,164.7563528941692,101.73520615298534,0.1617696249685482,111.97159806865122,good
98,165.50811331530278,117.63958154279375,35.10570578240532,161.0399072646022,167.08084043220313,104.752580920783,10.001806601059242,113.36205910476785,good
99,166.40428936205294,121.89024401325581,10.549166563862826,163.35061892592032,168.2846559373058,107.35847580627478,8.90745652238196,113.39796956636226,good
100,166.28153001035164,126.80778185820246,5.247081315891499,161.15954511835767,168.7603598877651,110.97632753166688,22.177678160480585,112.8126802869703,good
101,166.8148633083737,131.79454392351494,18.05042433944928,161.8222711488449,168.23580944748772,115.68237077491588,34.95865140143504,110.70853196671742,good
102,167.3868934486142,136.40317480460098,81.83138925824595,165.13315289756517,167.5340608270387,119.7854897438179,100.28241544442739,108.99442925561077,good
103,167.83676891819744,139.44888819989143,43.14340416556006,157.53184363516752,166.5259455400945,122.34934812281317,26.448923369930323,105.54919540415713,good
104,169.3683059087998,144.57755947290403,63.529060982118025,155.99885250098274,166.15034633059338,125.95784148892541,47.270031931780395,103.02393546290513,good
105,171.05855592622572,148.81042380114476,30.291784877688873,158.7512404778107,166.96288987054345,128.35811828748575,4.315601049307831,103.4629139601425,good
106,172.3189554463736,152.98910491042992,18.03133591100484,157.5675986210031,166.91614383623667,131.34745132672222,7.987803237677629,105.13231200949964,good
107,173.91088286664404,155.85579344994608,45.47313404172583,159.26825634947753,166.42585236350556,134.1099618923724,18.03103913325191,104.79290367456338,good
108,175.25819996018814,158.36681138061775,24.61720779040681,160.4226548094491,166.35930801042298,136.11052649274595,0.814240993271178,106.32251501550087,good
109,176.3463230565081,161.3196520084337,37.97300340775637,157.11041210587143,166.3717521167411,138.13716173584598,11.926450529820297,103.73930375981983,good
110,177.67744424460662,162.71238503355823,78.49482779316932,155.89982994323273,166.29915536520573,139.49123832422669,58.96586050078631,103.42319847257804,good
111,177.154767562099,163.2097823906151,53.49093123140331,156.4679776041519,164.45823613625515,140.56670758733796,29.32986617187412,102.794045116456,good
112,177.77934175908715,163.04691999392244,56.19126353001422,155.98027804334546,164.49890900537707,140.62140159976872,30.870623711853316,102.76687401827017,good
113,177.84912672583505,163.62201886432067,49.9796882628674,155.2186280037206,163.44769616326448,141.41792126409436,25.64878136880321,101.6221053880861,good
114,177.94927751414176,163.9929422970073,52.551858225527546,152.9812282649546,163.0931727272543,141.8001693945989,30.8364465851498,100.3970106834962,good
115,177.8265282809849,164.70400675157208,50.079297766676184,153.72718184136644,162.84720763255473,142.1019652799565,27.873910530349665,100.9311922903716,good
116,177.61172434617447,164.39940031717586,64.01733797188223,153.86006991345135,163.00743095983114,141.8621398978141,45.40419443757964,100.96674705333854,good
117,177.70364418876534,164.74732600629494,76.6094316117054,153.5208226346915,162.55011923979575,142.35333605476026,54.65332423209726,101.10274782724005,good
118,177.51995366153778,165.13752027168948,78.58564319180091,153.466041453055,162.46744593341108,142.71016575591915,58.93473636013048,100.84259759756623,good
119,177.76119665932984,165.0372839119533,79.33825325399822,152.80879575978946,162.77405299633978,142.60960148888765,65.39524177515932,100.63123880101435,good
120,178.10071317199376,164.96223201162525,79.85958892880886,152.52557155841538,163.1416057876194,142.22543213757208,67.45212845135916,100.99346633404518,good
121,178.04462871323935,165.01107563234262,78.56444221810061,152.38171028265228,163.81015194195834,142.1249187905426,65.65710496307268,101.17342065635529,good
122,178.16596350026006,164.95913611013404,74.8892717299664,152.0193456322991,163.99459862229918,142.1349298687195,63.28417078402746,100.7461761415038,good
123,178.35944664496594,164.93478996266035,75.86961636545617,151.90304340720752,163.9739540688767,142.08684776646373,62.79789484095972,100.89268840702313,good
124,178.34253861250255,165.01198601726787,75.69928508568348,151.36298001650223,164.5923900170881,141.62441871268268,59.64263647999053,102.1863852316795,good
125,177.21132656984435,163.76125121241512,86.8952419788995,152.86432207610878,164.03847911983817,140.13589826423848,59.97072943765453,106.54271025566908,good
126,176.89673670101533,159.23965365515755,110.57759873423402,154.49561717676096,164.91841188578553,136.00419062816746,83.33839843739653,110.50537013291127,good
127,176.09801296277325,155.63035124947646,121.6649294712632,155.9017387581029,164.72714493883404,133.34895370112915,96.57601047999383,112.41785746274059,good
128,173.50912689992452,150.59542738792254,113.05608066685514,153.222682018686,164.26334524816855,130.1945057131236,89.091399894495,113.41721617715687,good
129,171.59028308097496,145.78793256257234,111.93753439988609,153.91204829356263,163.0578115797337,127.22659053484976,91.70992308023227,113.10119201897331,good
130,170.4217808896108,139.94023275413937,102.23911284345533,153.946224867182,162.68171115152117,123.20337055579695,84.3648235938727,116.12204499232041,good
131,168.6679067341216,134.879005224799,104.8415785117131,156.3432841914037,163.35974451812746,118.75485521396935,82.8840620266758,116.04048511756149,good
132,167.956508604029,129.40487930838108,65.91778653456431,157.8098488156107,162.80066323257984,114.51333614449187,40.94233168825663,113.7887197685927,good
133,166.7543680507055,129.24866285243277,97.30159430079439,153.9745697051525,162.65608138675844,113.00880644083044,73.18240708771887,114.38710975242194,good
134,165.29718070022034,125.36400190634674,99.99622971029099,155.0530873811582,163.50010577822502,109.16487215675662,79.90475788397686,115.69404596730341,good
135,163.70671503164388,121.59567799510846,90.04584236029837,160.17134472232473,162.00012572620238,106.77424322286534,69.62382279047097,114.49120376376162,good
136,161.90102107872784,118.93956962872991,66.91688304282067,158.9533505548455,160.44526007682882,104.44843082358342,46.85836317250782,115.01683948127415,good
137,160.64116337454757,115.16426826295924,77.83046883210766,162.81313765320502,160.98835303189855,101.21297616131407,52.55761360057391,114.25315757860892,good
138,158.3385022783837,111.32493611293063,77.78884994786404,164.07958303540585,158.81812085076987,97.32453804113072,52.98316204609993,115.34487009537537,good
139,156.31096162502038,109.32323599118838,36.511356441234135,162.87263305756818,156.78840944626944,95.9947950071272,20.590791830662887,115.3113227506652,good
140,153.09463068655361,105.74699610540813,36.72559666447945,162.13876191762256,153.6077374067269,93.60855677360091,15.728779430987371,114.43998401925673,good
141,150.19451806772003,102.88594904135212,44.04566051941242,163.17187731199652,150.8875696337414,91.6686313066172,19.30634440662606,114.84559449422684,good
142,147.46472959141389,101.63024354016919,47.4020206920087,162.80148769436624,148.26196272668895,90.35689438416019,20.898590606395913,115.37235279093785,good
143,144.14806092803,99.62304797889935,45.70986578128702,163.5649741470016,144.94248536107045,88.57750374535946,14.623125405573242,114.19891018759894,good
144,140.77520804986898,97.44902313187585,45.79102513480138,166.34134642981354,141.83441401005,87.13783523392543,12.645204820311617,113.23319453276383,good
145,141.22994522391443,96.24379267120857,36.9796405918647,164.95258967679277,142.32003669053327,86.48920165130333,3.680684563841155,112.20732795655877,good
146,138.0346110080733,94.15515418915768,38.95687644678982,165.0083383339039,139.31940926765134,84.91144407173412,1.7398587651074346,111.54143529808259,good
147,133.64167351497616,92.08030753909007,44.358042381187374,164.60572797219726,134.96595723409513,83.15143017028613,1.4779100699364704,113.12385930432181,good
148,129.56906002065756,90.31253745111145,41.33826396210233,162.98311860925912,130.72091765983092,81.57286167637072,6.0663043105941075,112.12974891639821,good
149,126.14454062651309,88.19950364474202,42.48567884639271,161.88980249063465,127.66920639265064,79.98034830166709,7.453812579620871,110.30323834219287,good
150,122.72961345022897,85.55810490558,42.75927853746352,161.42139154191128,124.02515935311848,78.07654777544685,5.8437003274480945,110.61303169898129,good
151,122.23483813913779,84.42221278948944,38.71849557077622,163.05034758326457,123.42758220503444,77.76027194952354,3.2683848831962488,111.52216712429534,good
152,118.06512960684847,82.64083756434053,39.2477748572229,162.28720574531695,118.78003898861218,76.52847650956726,2.670155617579412,112.40402610494444,good
153,116.90898589316032,82.20850279419008,41.00399594016694,160.73016918768496,118.58685708397549,75.75093303824603,5.029038022805915,110.91758399810196,good
154,115.63300025396471,81.50123425227183,37.642516164409024,159.10874970884763,117.25526821887318,74.77614640705464,3.6841274792171648,110.13816919856328,good
155,112.34589581277915,80.72753356986134,37.60154606654773,159.95235857885746,113.92092616157586,74.32373450895908,4.596317956821695,109.68090160694183,good
156,109.11470541908461,79.58853351667146,38.497332350760345,161.41578958705125,110.5946493516695,73.36448585829912,4.4783001006058365,111.57104361997231,good
157,109.61962850444179,79.34510265102216,40.260109832760335,163.9753718478712,111.45019564401744,73.2819785233185,3.598077460566056,113.5485938034192,good
158,108.8263240402981,78.75398439820252,42.022673979104226,162.99192063362884,111.00288304701844,72.83228862729929,1.739242399324279,113.50395606370775,good
159,108.37540963545838,78.21024585858586,44.96973469084205,162.9327831064194,110.47792132126152,72.42382857488602,0.09162973710444743,111.84323337922542,good
160,107.03304197013627,77.3266487592583,45.67843661947922,163.8164179134274,108.98756551627407,71.60457406335561,0.8763883501006656,112.89363553280998,good
161,102.80480856604909,76.24810113943272,37.61591626503888,164.6133135351015,103.68432834471112,70.93447451667116,2.214415194553327,113.47928735891992,good
162,103.61795279844002,75.85266015227215,48.90993866440991,165.4980752310388,103.79069259434823,70.31989116376946,4.841848733950458,114.69298188142714,good
163,103.95890049327338,75.17354005757953,42.90248973241744,165.19170603498912,103.43219262098641,70.03879928948429,5.562530823469345,115.21520943587056,good
164,101.89298635348516,74.18390025154984,40.33759136832853,164.87467244349156,100.18251251330217,69.7645947091432,4.628222751087605,114.82532932181502,good
165,100.39132799948113,73.54003956674966,39.36411510530049,164.60498130641122,98.70867159727239,69.23667415900832,4.265949896700573,114.944469785712,good
166,98.5566007462436,73.09795097118833,42.141507319788055,164.57086408662667,96.92127050286597,68.79105449014862,3.8728448557399093,114.87407132764292,good
167,99.2028168796429,72.96677636664842,37.943363408579785,164.22844778362625,97.75464743110237,68.86882415729028,3.51099453701592,114.42323792516511,good
168,99.11642862668987,72.75092180865802,41.76548235210888,164.02175394951854,98.0176683515228,68.82777485959417,2.102565680870007,113.73476167839821,good
169,98.62754546362245,72.3329209542852,38.63875855714544,163.93436479414888,97.51240035366138,68.36537209387478,0.6272643602934123,113.20952402132893,good
170,99.00926023789495,72.25478370089004,40.71105609343597,164.4191137788252,98.02102662486564,68.45184799821595,0.7712872883480069,112.1662807286426,good
171,99.59692569630232,72.33290432463609,43.83134151344866,163.52492325156507,98.46348298536972,68.40962734985766,0.1638367648863892,112.52382993239077,good
172,99.9887571224624,72.3553454698146,45.8867800527932,163.76920927723464,99.10480808646524,68.33795046747544,1.0212027614453951,112.34080820670636,good
173,100.271953341855,72.31331076973309,44.48390689430367,163.5354953669169,99.36433272243941,68.79658316266384,1.3179217264924898,111.9047586707772,good
174,102.46115015083238,72.84398219020254,44.786698081765095,162.82620652546595,101.61892542002286,69.50739605205449,1.3133516940305532,111.35385446903636,good
175,104.44233525024384,73.56597806566107,45.11639855678504,163.23251989056322,103.82687211016575,70.24342244669195,0.7925771403432968,110.98732070842334,good
176,106.24589898089563,74.06099084708671,44.79281485803235,162.4436660635418,106.00562492591503,70.73470738226509,1.2290831047390018,110.97195524535678,good
177,108.5186949793526,75.2435199536378,43.81674174232243,162.0638664804112,107.96323445112358,71.6920062544901,1.8311390319517102,112.89962938044845,good
178,115.99655122463923,78.01966177049825,39.869501011171764,160.54509476040766,116.42535681401576,73.9952769878525,4.241100177789091,111.94248871883464,good
179,122.3565074423547,80.74289828616638,37.152947060791966,161.45852951574494,123.55072175450263,76.03547375914938,5.631096541898202,111.27829427002061,good
180,132.9225704205165,85.90410204457096,42.4832039240377,160.74323480550612,134.52207700748505,80.63328703746281,8.808557648376524,107.29652479686382,good
181,133.35788243559267,87.39201730539722,35.76407352796645,162.10019364614038,135.58761863983776,81.88734644855914,7.634525232478211,110.05934210337338,good
182,140.02448657255198,91.2984319136827,36.80729279470378,160.86491873616177,142.07123312295096,85.11475619455601,7.50225715802201,108.36965855139331,good
183,143.8046656349464,93.76429197796331,31.5550812718645,164.086227377697,145.42795209829697,87.17344585748317,9.843372112701504,109.84447430401576,good
184,148.56239081288658,96.91085456649091,25.384299036732624,163.2305669483696,149.53914446401535,90.0866860889388,7.963773749833928,110.33917348227772,good
185,154.0205123315036,101.90103482497636,23.737246691335667,164.12695622394543,154.93698587199407,93.53253582365282,10.168882190679026,112.08416051795174,good
186,157.55100907527333,106.59727339269807,27.292978693662228,164.08475927861338,159.0256921862711,97.07920230485662,9.180624054255471,112.17845468444106,good
187,159.37970180844826,110.80451051995196,21.518745046114216,160.1599742493294,161.14808133831133,98.95214933998302,8.282332075263104,111.39999814238391,good
188,161.19261926138213,114.2506487280265,28.229070624494916,160.83249707973084,162.7958285044966,101.56937642812859,10.924542685785566,111.28430714221243,good
189,162.17065235755933,118.8810739543394,23.967283459321898,163.43105780814435,164.4643037349091,104.7371091087592,11.703500564826697,112.76056174782396,good
190,163.03463731220037,122.9913245491966,13.249671529335338,162.94760835984016,165.21605868078464,107.61529666015612,18.119717846449888,114.11639152510313,good
191,164.3370466970472,126.39958410944257,22.63056215507395,165.1641214235598,165.53297401660475,110.98345609050318,8.716670980593491,112.89763473183126,good
192,164.86679250936308,130.8014895415025,23.871309725986542,164.99571400829447,165.77856081320982,114.33448026068463,2.479318801263113,114.36786373670385,good
193,163.8140222071611,132.88084723025855,30.62820855830333,158.43007952337274,162.4973127449293,117.94811677495449,3.5817952449994834,108.24060514167302,good
194,165.1933325777076,139.95059089943535,31.080088759862164,158.00666425133025,162.1152325142892,122.63368777510793,7.099377270525881,107.75868085996937,good
195,169.15079452715707,144.80839540635012,34.586002873077256,159.23147015650312,164.68462856835077,124.58676842152437,9.515299456340157,109.23148187044713,good
196,172.139208451917,149.54876557527734,52.23994167248351,160.72447570870784,166.16435813238033,127.23107777708172,33.85937503370888,108.96508919878436,good
197,174.30611191202,154.41100249514759,32.1361062500232,161.67695185019863,166.63580434685568,131.50181562209735,12.103956296519403,107.97762554085686,good
198,176.2400343630395,158.87672129644466,27.746792884688194,159.89587124144813,166.7460779814495,135.24099069462616,6.0681296098486746,106.25474273548754,good
199,177.83921520195992,161.37431514400095,26.328707231815663,158.02561779816455,167.02529511947603,137.2407760763207,6.854152094860414,104.88895229280735,good
200,178.26523046739266,164.93537468713174,28.570786055743465,158.32648497388666,167.12586753869638,139.3736765387004,8.206185719585259,105.49913610925734,good
201,178.63509132768252,167.20178037283532,11.71835616280796,157.86769469346305,166.33043969508137,142.33394544645532,12.994568934710719,103.29412552922741,good
0,172.547633875316,179.77129002182326,177.2586134030364,175.0235691108923,178.70310824940483,175.75062603357057,83.97894228107931,97.83923820119428,bad
1,171.03641515064626,175.79295307719306,175.17384747680865,179.0848965957385,179.06781868100285,177.66817922870504,81.5378081840927,95.40116708480058,bad
2,176.0644978855058,176.15996143334002,175.2985157267871,173.57965261182264,176.69152175664485,174.76945308496866,82.97844548513811,89.15136333760306,bad
3,177.97847227113286,177.71051717998978,175.93448202881228,176.08089006010348,177.16931857401627,176.23123766097177,83.6802580824017,91.6961412737415,bad
4,177.37844647723122,177.3068349267055,175.59707318314796,176.15054966958496,178.47007902777804,177.4077100953028,84.51628781210961,92.49357380200298,bad
5,176.1033673227226,175.97535023478275,174.2794275071611,175.5590923579901,179.65606944534233,179.30922290379806,83.62445422998621,92.8984785819635,bad
6,171.19580087367484,175.16440076554935,175.62756892079403,176.01548228671416,177.07098653611703,178.5580351575384,85.46968072015329,94.78519067729988,bad
7,168.8800999259807,173.69362498787453,174.65003593478122,176.16054628242,174.08420858056826,176.69433164663076,87.1332576080642,95.96423287313316,bad
8,165.49568240027006,170.67210534720843,175.26187246345964,176.08769651514964,171.26628702347992,174.03284475849418,88.27166580232962,96.49567191140892,bad
9,162.86811299441285,167.03849626939154,173.17953353703373,175.23026494990276,170.52997645835785,170.22991783856108,86.84426945356178,98.39667569865213,bad
10,158.89075245090103,162.96234255294715,172.72626273276882,174.21908137362016,167.10905992607428,167.93983376858495,87.05553261794722,96.23642134894668,bad
11,157.7597486045136,155.2112849524516,171.28430988952343,173.6990281164974,165.00934546191635,164.29549890545445,86.55328716140586,95.50329060955461,bad
12,155.19508644792558,147.09271436903003,171.37092050153595,174.23932344226225,161.55590607561746,157.50652822341516,88.80310986152362,98.42625408702747,bad
13,149.5451696517222,145.99084619921558,171.58205457946357,174.02699141743165,155.7475147717713,154.6536973781404,91.58763655389193,99.8482465799746,bad
14,146.06607536032166,142.60218943148217,171.81775665446193,174.4910584265919,150.90060709944692,149.90170411068578,93.59958772684637,101.12248155059636,bad
15,143.19794786039532,139.76361823274806,169.07311875205087,170.90284952127783,147.38668534923215,145.39348245121383,92.40248694039988,101.11232972256609,bad
16,137.35751185231527,131.01255807603246,169.9299426120962,176.89664923496608,139.65075205019699,135.57066934655433,95.8989097730041,102.40829984173226,bad
17,130.3181737267737,126.37784911771367,169.54734284466963,172.73959689303157,130.75997714705613,128.3160724684268,99.4319765552723,105.60496868527997,bad
18,122.36470761113341,118.74625423420623,171.56574083462246,168.30058788841438,122.21390431606403,117.88066418550198,105.5094039232382,107.4327994161495,bad
19,120.84547859165255,113.47934803678537,174.62621041513657,170.8323451455177,117.89323334295369,111.59317996220858,109.40091692445957,109.42795251802221,bad
20,116.21280608344333,113.7207483602996,173.11332987767017,166.59648159087513,111.38397013550059,107.63840682346245,111.44171100179739,106.5306832470792,bad
21,110.97320522224774,114.03316550592008,173.9492896395845,150.21168377362648,104.402241274736,106.7424754535069,115.57460341810528,90.09419719088913,bad
22,104.84138741190799,113.06541578216354,174.69290214517156,179.70129086091094,99.37758989862648,102.18072128845485,116.9072025046128,99.53655408017832,bad
23,99.37247071332023,109.38070941098783,174.8938958222427,148.05445233520058,94.10988941458864,97.86635855412578,119.78464649172757,112.56681663189676,bad
24,95.96146209648894,105.67455993223867,173.71411042945746,148.21500360249414,90.3305961124148,94.3621772967142,121.53943408501162,110.65205630953014,bad
25,91.29446088713189,104.7351395510264,172.71934562807755,142.85175790798772,86.33787357048678,89.19366095560277,121.71562968464018,96.07224770766452,bad
26,88.04613214723048,100.25228002927543,172.53077466804908,144.33913274490385,82.94632660226885,87.63052097853522,123.7095945769625,72.56280922581043,bad
27,85.97768809317091,99.42588519316504,172.6710459778108,147.6510568186984,80.88383738448017,84.74179881334412,124.36561989376716,74.96666690447132,bad
28,82.70063813248605,97.25910732860324,174.09199951813113,140.20126095430427,77.8590503060282,80.56665270207962,125.5180431949981,64.09049618576485,bad
29,80.68340492174077,91.85590813197197,174.49657540500743,143.74330290078666,76.83469387181955,76.63663208767677,125.42773942923746,79.59363201741391,bad
30,75.7400014513683,86.76841178949421,173.75262128467392,152.35123476002724,73.51057397696711,72.63218650038503,125.32800277255483,123.4959639758632,bad
31,72.57783425888007,82.25000503772577,173.88878417550274,153.2482043380424,70.20224000540578,69.09881669003825,126.19886178115442,129.01528217408472,bad
32,71.82628018522811,80.42066515916551,179.22342860516287,147.68547085968325,68.26968622319602,65.93381281189592,127.0134523244596,130.58817292011582,bad
33,68.29114870319412,74.67083112850801,179.43875723652175,166.62689602043403,66.0186288207816,62.686593395172046,126.87648429514363,130.16923041169827,bad
34,65.84535195795789,72.6369548504449,173.65102738734612,156.69015561922373,63.92527811528383,59.82243594945112,127.67617847711358,130.90436142614615,bad
35,64.57489926256085,70.60026581683213,179.14990021718702,163.46404829244196,61.69651273540436,56.079126062041006,128.43820228503904,132.3702447804364,bad
36,63.03093968187747,67.95350243194258,174.35768895731727,163.32949249805094,59.875761693506526,53.205006393571075,128.82598599348697,132.80863909840983,bad
37,61.08685556644294,65.22503698569977,174.76145584201487,177.44656702548818,56.912331361900215,51.01488760410092,130.50269014874436,134.57701343735445,bad
38,60.30082834253717,64.34835223762319,175.67728903669254,176.17016993488102,54.32011510304756,49.572719159413076,130.87805473063153,135.59624768518535,bad
39,59.42662414571851,62.16493461600046,173.5251949432656,175.40748458244016,53.779665433318335,47.24477192738373,131.3719074153717,135.6061920381614,bad
40,59.183217536192444,61.595668863552625,171.60648393470348,171.11270075914638,52.49514629580376,46.37872250110974,132.01827337288827,136.140646344453,bad
41,57.995458245369576,60.42928781604611,172.06798935093988,166.84413968533556,50.337953190046186,45.21297832176415,133.14312598547195,136.39561843070604,bad
42,56.06281234515043,58.57170654817675,170.62488016088898,172.24697930203376,48.835292603027256,44.11801638312586,132.4456993696288,135.57904779890552,bad
43,54.44949541341427,58.976094952664376,169.62838181573312,168.96974218145732,47.5536889894295,43.947333919102945,133.36730093328305,116.42417443350271,bad
44,51.690556032979615,57.97840989245723,169.8686621268876,171.20446883876429,45.44680042327786,43.54593043201146,134.7078044552106,114.52453567814317,bad
45,49.64082414913412,55.98115429643831,170.0153313416525,167.59421297570267,43.80250123002465,43.34391485246491,134.47126007242105,118.79782465979356,bad
46,48.29852996424986,55.305766145365496,170.95747101249103,149.3075217938139,43.344793484753424,42.709234088555796,133.92852802831428,98.41682919861233,bad
47,47.30969448403164,53.31330786339009,172.11833458939267,142.47368778506163,43.70679339558617,42.34351615261422,133.18009765192002,82.13224712906923,bad
48,47.19087468918628,53.871042058542564,171.07323588262784,167.82081566195617,43.44738451219857,41.77047683280959,132.2528396055219,89.99880259084998,bad
49,47.01814506668849,52.55470704979746,169.61297289537953,116.62107549230892,43.24215654160742,41.788039208571554,131.7501688799405,106.54989838997386,bad
50,47.393746945056655,52.38952176919416,169.76211644574784,154.59906036021462,42.8303493621848,41.72616051102118,131.62321066741427,96.43852968032543,bad
51,46.78037136860086,51.73034329191179,168.55811082598404,177.67268149702053,42.29267943319483,41.08498994870434,131.5493149084679,100.18821324882214,bad
52,46.66314124415237,51.19393395521425,172.81805534987382,126.18060878358942,42.47937697630288,40.74584157173744,131.57906484069449,68.80732438830654,bad
53,46.44485372760967,50.69512690785863,171.12045655889688,147.74296427187122,42.13874798528055,39.969900168418576,131.76469399204998,66.62227304922314,bad
54,46.786555984765116,50.85292043153755,168.93903461757313,176.23716020458883,42.388018211944456,40.16233449482883,131.5978626663078,83.4961027248532,bad
55,46.82651103104217,51.0834519798456,169.518522523813,166.76358815720408,42.72456403300332,41.2073991678074,131.6395112169287,95.75178738543096,bad
56,47.63193839338112,51.75207100070311,167.74730975670468,135.2850763115696,42.97696309088283,41.378781635361015,130.32769111236667,81.66126842829836,bad
57,48.42563777809265,51.997397050331905,167.10043696348555,137.63988008653092,43.39398718133648,41.52737394490911,129.8503489563178,74.67521328114029,bad
58,48.46654442970222,51.777628965387606,166.7588360626626,147.2358505199177,43.22568554440962,41.018945676272764,129.9641874570675,75.33098806045162,bad
59,48.1838362743558,51.275591206933406,164.8050687295903,147.86376291607135,42.31215681017809,40.28846888018082,130.61418647086862,77.36908515459552,bad
60,48.13948365911821,50.415849562243466,163.94530730445024,177.63946354403262,42.207492935892965,38.97974449325528,130.98317219356292,102.84972569156713,bad
61,47.063126203478845,50.04001104301264,165.65245080274008,137.33728828039582,41.20459515426723,38.03950295886568,130.45444803803304,73.61155720718786,bad
62,46.59106501919607,49.16531011764852,166.0103585269655,138.45988128315938,40.18508996249197,36.72457441095024,130.9869419934964,57.086239618515705,bad
63,46.17822442319297,48.54917826002584,166.81444140570522,128.21683479520271,39.490743505647416,35.53859726754897,130.2004343321726,86.06924083085438,bad
64,46.08120539447937,47.1000351905919,166.83433165542422,143.0988408676091,38.83123698834195,33.59544475718163,129.52009691596746,61.32341644786151,bad
65,46.607646411823524,47.01131321285408,167.03472237971997,152.91237426464312,37.753959596819854,33.22634021532226,130.216826122728,44.26130561425424,bad
66,45.77391522923973,44.405047001087624,166.3705049304027,167.29179880291036,36.324053694975376,31.760475312890705,130.09476268119326,75.97796785433508,bad
67,47.2327628540382,44.67440847672729,165.3249787326739,168.46580457912972,36.80082281032225,30.61405975115443,128.95915259183096,71.84478530549363,bad
68,47.140168671446204,44.51253573306304,165.15910017067375,160.70149475716897,36.592461817135984,30.506606148356482,128.4496579993284,55.515045691139385,bad
69,47.015532408154634,45.243375744843796,164.48297094170687,160.56934593758567,35.779135241875125,30.87230212779547,128.68679989955936,97.35573897331189,bad
70,47.05316986907499,45.37255715199299,164.4896396658437,158.1825022470812,35.79699127639302,31.212552462757444,129.06176897989286,112.72677216600613,bad
71,47.82751379020235,45.79275229774229,165.25287170751358,168.28317015061947,36.35970206028581,31.20427519993205,129.23124492891944,112.53440479923827,bad
72,48.39616065649129,45.71267574586814,165.92884277763957,176.6519804523681,36.49947424349066,31.74757445573384,129.78808549526593,117.07812850766781,bad
73,48.30499587464523,46.21494120648159,167.00938322434277,170.26126466527805,36.16476665474554,33.49732258864457,131.8362392742777,122.10768935647573,bad
74,48.9532984944683,47.644630836130915,164.24467634609442,166.5617707035975,37.275729176936224,33.848592960152835,130.5646105571728,129.55960573242885,bad
75,49.87381351270104,50.19815518981781,160.03002004782178,162.61203907089973,37.77044542273523,33.52589329882733,130.11764778045023,131.43022070198478,bad
76,50.29870219520002,52.14131282492825,164.8884714695874,164.91056337404245,38.72124942793288,34.18797559380183,129.75025843845793,130.88075464284466,bad
77,52.44635185036991,53.412504240678714,165.8541279169853,166.70472222969022,40.54814646982777,35.15493159980682,130.28162360053162,130.74224391696953,bad
78,55.265513373071265,54.967485494191834,163.28044858325862,161.45462536136537,42.77816869330498,37.13177816602761,129.62851170279677,131.08079984858972,bad
79,57.7315996997672,58.06428512511638,164.5823947092223,165.38455260489008,44.628704956378314,39.836627490957554,128.95890591317576,132.4847703173519,bad
80,61.4324050127612,60.30322813010746,154.89798403175166,166.99254323431214,47.057417832677274,42.03928531294242,123.84797303454383,133.69350158100852,bad
81,63.792665027012916,65.81162634145531,159.9102755478177,164.94451919609307,47.74986111729715,44.81704004086294,129.88034377481654,133.8569418685865,bad
82,65.26291942057088,69.43091618678143,163.38911096984413,165.24875404777328,49.5851719456675,47.28742137102991,130.29889657836787,134.14662235680393,bad
83,69.31956418126063,71.0799999718188,166.67360014431486,166.75529910387286,53.62311247944642,49.99373109489693,129.20845043540095,133.66564906759402,bad
84,72.4429636791646,72.25344847098499,167.96878364734022,172.42289497495764,56.810103851636185,51.96275428986484,127.41466938121009,134.10232975274172,bad
85,76.39637027259504,75.45317227255985,166.5269380958948,170.80400967217173,59.410001444611,55.31976365243004,127.47112835339995,133.66397418869846,bad
86,80.43991082131582,79.19205168010306,167.8083602311835,171.40072552406167,62.723186059279335,58.02525135496779,128.27770829081035,133.2012924326986,bad
87,85.15344417683639,85.32285891676986,169.62768474703756,172.61872421058962,67.35520534698661,60.23518903084523,127.44298149984398,133.76548639118735,bad
88,92.2250141632236,91.25699427983264,169.6417409459047,174.00918883353188,72.1046335013424,62.90259349601333,125.74400669352652,132.2213946636456,bad
89,95.5157544286476,91.7203971699834,170.79645375979663,174.18619666681943,75.0422598580076,65.72944398940486,126.06212315555095,132.0499467334377,bad
90,102.76615093706751,95.81731586048016,170.80905117184057,176.51220383466725,79.89927657406206,69.18954390628483,125.97757550329503,132.6989987434518,bad
91,105.05009477499212,100.18382390038674,170.9796455758207,177.09627019033346,82.41642973929697,75.18675144198116,125.06878560506524,132.90855595051335,bad
92,111.15674873802313,109.61474016497405,172.79665384334564,178.08966118497807,87.50108876165817,81.98299717112648,124.0245702081731,133.15087475769596,bad
93,115.5168699103811,113.8375198580383,171.2565508277946,178.1614360712405,91.53642557413478,89.11762178302043,123.15812274905073,131.87548485939294,bad
94,121.10290711161275,116.00851789834704,172.9648164456908,178.3154449971475,97.25672148619293,94.9481117148374,120.39872767820066,129.9596464783185,bad
95,131.45205175286742,120.71848746996763,174.45892476602222,178.99391349409973,104.21398592980935,101.82285959485654,120.08778794024437,128.87716450131484,bad
96,140.7254259431538,126.02608410648564,174.93883736965228,177.69060242182138,110.33647450741287,109.01453158274043,119.44902148957331,127.54995288902113,bad
97,140.76819134469991,133.61797213278282,175.25938798534378,178.010966123316,114.03345663149739,117.86546573192253,117.8561869375189,125.56023051433083,bad
98,143.17431529901756,137.43221170696376,174.6624394528318,177.2105683674209,119.19585055069494,124.27269419425339,115.62150061110039,124.44798268896672,bad
99,144.4726276421842,138.09663393054166,173.44943184550988,176.63240227853262,125.05918691272639,127.56110793713692,111.74697819486569,121.84779645758464,bad
100,151.1698880022148,147.8647828790883,170.36696532683533,173.98749024609745,134.79709755187005,136.15882134593016,105.1902283535968,118.49305520117008,bad
101,155.87294107247627,157.4517966241804,173.35290609448418,173.9469090425821,143.281093438441,146.05065293440126,103.77967010924168,115.99002917451394,bad
102,160.01154089678394,165.9567157056425,173.97549917270297,170.58686508865475,150.0028467613695,155.03616041015178,101.64541606077654,112.01280159809325,bad
103,169.80166355765112,170.35047712597867,175.0520282198932,174.56581045237328,158.1169622447341,159.90067312351914,100.23614541589674,110.19939251290195,bad
104,172.26817322372167,173.16977792443467,174.4321907927635,165.81225636377192,162.78243352615527,165.58199658514368,97.30759350653618,104.76951660709939,bad
105,171.84815484355732,174.47634297814648,175.32897881842396,102.25482921350779,166.42148485753177,168.5289849292107,95.84052590574422,105.92646579375285,bad
106,177.32762442900082,175.2930425689961,174.86291418612848,164.46667022164144,172.51254497212247,171.5086548938184,94.30569177945863,105.61535263015978,bad
107,179.54175284276693,174.7729162937462,175.52664496584057,161.2705562823911,175.04245849051884,173.93510597474884,94.26670564320933,103.52445007493719,bad
108,178.46022780431525,179.57856989664393,176.20137619625538,19.430734625041108,179.20512324905744,178.98208778652722,91.80893114183289,103.3496945351643,bad
109,176.9489876902928,179.43918372331493,176.83263820131802,43.31394786434504,178.6426085656772,178.37469976406572,92.05337005134798,100.9631139764991,bad
